Method,Confidence,Avg VaR ($),Avg ES ($),"Runtime, all days (s)",Test days,Breaches,Expected breaches,Kupiec p-value,Breach count OK (p>=0.05),Clustering p-value,Basel zone,Avg loss on breach days ($),Actual loss / forecast ES
Historical,95%,15945688.266459133,24814998.46366397,0.11746386292361422,250,10,12.50000000000001,0.45291244993520086,Yes,0.40092508686903383,Green,27132820.783147193,1.1221079664177716
Historical,97%,20000482.36639624,29470247.497171354,0.11746386292361422,250,6,7.500000000000007,0.5647556431185441,Yes,0.11955116835488075,Green,33876015.85468442,1.1927291555331827
Historical,99%,30641604.687528774,39336332.723313875,0.11746386292361422,250,3,2.500000000000002,0.75798832137329,Yes,0.01984776403273412,Green,46480324.13077434,1.263256717759658
Parametric (Normal),95%,16940812.356624044,21446641.49821605,0.4239488580278703,250,8,12.50000000000001,0.16322015045707589,Yes,0.23994188207730954,Green,29928988.96172466,1.4439669356795322
Parametric (Normal),97%,19484983.437279,23660981.03895156,0.4239488580278703,250,6,7.500000000000007,0.5647556431185441,Yes,0.11955116835488075,Green,33876015.85468442,1.4866195942396037
Parametric (Normal),99%,24289452.236396648,27943491.51406489,0.4239488580278703,250,3,2.500000000000002,0.75798832137329,Yes,0.01984776403273412,Green,46480324.13077434,1.730385371563517
Monte Carlo (Student-t),95%,15160431.81177872,23541753.531096637,28.22363825899083,250,11,12.50000000000001,0.6570559130431058,Yes,0.494148950056138,Green,25994101.412225626,1.1410287601042064
Monte Carlo (Student-t),97%,18738975.955299698,28053893.28434594,28.22363825899083,250,7,7.500000000000007,0.8513234728545164,Yes,0.17434519693924674,Green,31695331.11462366,1.176358942629537
Monte Carlo (Student-t),99%,27644830.225259654,39634056.98233923,28.22363825899083,250,3,2.500000000000002,0.75798832137329,Yes,0.01984776403273412,Green,46480324.13077434,1.2255549409685975
