date,t_df
2025-01-02,3.208794862054625
2025-01-03,3.205216662135548
2025-01-06,3.201536476224535
2025-01-07,3.202298818888757
2025-01-08,3.2137725337655447
2025-01-10,3.2081693937835816
2025-01-13,3.219009496444603
2025-01-14,3.2189660530729247
2025-01-15,3.217484215722246
2025-01-16,3.225606625914566
2025-01-17,3.2280980888018416
2025-01-21,3.227002596820349
2025-01-22,3.2157333908485404
2025-01-23,3.2162663580845305
2025-01-24,3.212182644735151
2025-01-27,3.2395389460849113
2025-01-28,3.2863227588008375
2025-01-29,3.2997456061048034
2025-01-30,3.3005907359826896
2025-01-31,3.295538777647881
2025-02-03,3.3275308815933773
2025-02-04,3.340388787408376
2025-02-05,3.363518571713403
2025-02-06,3.367399000278357
2025-02-07,3.352717777782324
2025-02-10,3.441845438923434
2025-02-11,3.488782261518738
2025-02-12,3.516971075653296
2025-02-13,3.643772580552766
2025-02-14,3.8004754631741533
2025-02-18,4.12430617513084
2025-02-19,4.196529146289384
2025-02-20,4.176287493619444
2025-02-21,4.2146035188728135
2025-02-24,4.21406866977205
2025-02-25,4.4896981932534015
2025-02-26,4.50754707272683
2025-02-27,4.626183081676725
2025-02-28,4.678530640845114
2025-03-03,4.8025230606320495
2025-03-04,4.796137663185502
2025-03-05,4.812546992536051
2025-03-06,4.822671151572161
2025-03-07,5.126110230831791
2025-03-10,5.124422716892727
2025-03-11,5.083377943945452
2025-03-12,5.0824029815829395
2025-03-13,5.085598179032342
2025-03-14,5.1237679710539545
2025-03-17,5.153159806216619
2025-03-18,5.114481669348523
2025-03-19,5.141508081375381
2025-03-20,5.152438528051204
2025-03-21,5.111991815576479
2025-03-24,5.187972582237611
2025-03-25,5.190870753451768
2025-03-26,5.17583777116856
2025-03-27,5.20576276909072
2025-03-28,5.1866867044942815
2025-03-31,5.195872248654684
2025-04-01,5.188381642709625
2025-04-02,5.198324592678832
2025-04-03,5.191604516332653
2025-04-04,5.016371161442633
2025-04-07,4.814551902465313
2025-04-08,4.792732598325857
2025-04-09,4.798257437904379
2025-04-10,4.43875766295267
2025-04-11,4.394641293992252
2025-04-14,4.3788694287392484
2025-04-15,4.362462594152683
2025-04-16,4.358903299366762
2025-04-17,4.35649403855307
2025-04-21,4.319105180183305
2025-04-22,4.311949435550881
2025-04-23,4.328931940682695
2025-04-24,4.343927335347543
2025-04-25,4.357942434083361
2025-04-28,4.377590904266053
2025-04-29,4.372361162622559
2025-04-30,4.360950298286271
2025-05-01,4.351031752652627
2025-05-02,4.363223388560184
2025-05-05,4.3787330103363225
2025-05-06,4.375585234852643
2025-05-07,4.3834741466614595
2025-05-08,4.373440250222885
2025-05-09,4.3675240983202235
2025-05-12,4.4952737712917585
2025-05-13,4.447107671513082
2025-05-14,4.447454388971784
2025-05-15,4.437958283398036
2025-05-16,4.420068373401975
2025-05-19,4.4183436255834945
2025-05-20,4.410670295566141
2025-05-21,4.409009828725857
2025-05-22,4.42975903167131
2025-05-23,4.412354719443415
2025-05-27,4.412716186443655
2025-05-28,4.427099768451481
2025-05-29,4.424784048527815
2025-05-30,4.40315359295426
2025-06-02,4.380600135227217
2025-06-03,4.374816590449392
2025-06-04,4.367416551161378
2025-06-05,4.356572486827401
2025-06-06,4.363453905674145
2025-06-09,4.345892870568305
2025-06-10,4.345823984972865
2025-06-11,4.3371786234843
2025-06-12,4.334838126871022
2025-06-13,4.325983782199222
2025-06-16,4.316979942884362
2025-06-17,4.3168345499691565
2025-06-18,4.338896576008338
2025-06-20,4.329220693071109
2025-06-23,4.320459293949832
2025-06-24,4.3082162129748
2025-06-25,4.31387483062843
2025-06-26,4.303578978570776
2025-06-27,4.30122392153257
2025-06-30,4.262017234464897
2025-07-01,4.25347964185954
2025-07-02,4.246855098657093
2025-07-03,4.242895816464664
2025-07-07,4.240647435531695
2025-07-08,4.255663055306314
2025-07-09,4.2468258421562695
2025-07-10,4.2423053579716035
2025-07-11,4.242206081761033
2025-07-14,4.217467692819731
2025-07-15,4.21758248202421
2025-07-16,4.210142228187377
2025-07-17,4.201342198221523
2025-07-18,4.184014046173933
2025-07-21,4.183855525055677
2025-07-22,4.171904049736722
2025-07-23,4.162869855143
2025-07-24,4.160807289009437
2025-07-25,4.15027256847761
2025-07-28,4.143797761935066
2025-07-29,4.131641774039274
2025-07-30,4.129671006914733
2025-07-31,4.120948575792427
2025-08-01,4.122233817930922
2025-08-04,4.192577241266417
2025-08-05,4.19556908619608
2025-08-06,4.193710145075873
2025-08-07,4.202460834314505
2025-08-08,4.192926571568961
2025-08-11,4.242117561872055
2025-08-12,4.240583385446103
2025-08-13,4.2477846799363
2025-08-14,4.237402282799545
2025-08-15,4.210699211222156
2025-08-18,4.1703644977880785
2025-08-19,4.144799784703114
2025-08-20,4.150342025033941
2025-08-21,4.14744599883352
2025-08-22,4.151407208416851
2025-08-25,4.179985405149507
2025-08-26,4.159238164248887
2025-08-27,4.151538561659223
2025-08-28,4.1413687234585925
2025-08-29,4.11661253841055
2025-09-02,4.119133643581219
2025-09-03,4.106953779583251
2025-09-04,4.108624011106009
2025-09-05,4.110249543636796
2025-09-08,4.056302194098168
2025-09-09,4.048281489976754
2025-09-10,4.034036630750769
2025-09-11,4.02487216394315
2025-09-12,4.026845462897212
2025-09-15,4.000229843400378
2025-09-16,3.9969387655430872
2025-09-17,3.9926742592081466
2025-09-18,3.9843304410617435
2025-09-19,3.97506770126148
2025-09-22,3.968415283096779
2025-09-23,3.972589193270001
2025-09-24,3.9895705158666903
2025-09-25,3.983435170782829
2025-09-26,3.9829974094879064
2025-09-29,4.015515196890938
2025-09-30,3.9902728114616695
2025-10-01,3.9657876117611703
2025-10-02,3.9590881227300603
2025-10-03,3.948367566258262
2025-10-06,3.933510547770262
2025-10-07,3.9365520484785037
2025-10-08,3.935197529817807
2025-10-09,3.9298673762183403
2025-10-10,3.9321633073689393
2025-10-13,3.893156385683006
2025-10-14,3.9057029469718367
2025-10-15,3.9011173880937853
2025-10-16,3.894671649592789
2025-10-17,3.889668542095123
2025-10-20,3.893038209025219
2025-10-21,3.8886436850684913
2025-10-22,3.8800431111676135
2025-10-23,3.8780014970408456
2025-10-24,3.8778154966939016
2025-10-27,3.872571118036343
2025-10-28,3.8922528189645464
2025-10-29,3.8857581021700733
2025-10-30,3.8773344127030973
2025-10-31,3.8916196932888725
2025-11-03,3.885753371637093
2025-11-04,3.88173473356611
2025-11-05,3.893637741408506
2025-11-06,3.8847894684655415
2025-11-07,3.9002956113676905
2025-11-10,3.894151774473566
2025-11-11,3.91805433133596
2025-11-12,3.917607532463694
2025-11-13,3.9088012696979533
2025-11-14,3.926014498215553
2025-11-17,3.9256322501881504
2025-11-18,3.9380550553913913
2025-11-19,3.959987268695903
2025-11-20,3.9527487477081102
2025-11-21,3.9699073666260434
2025-11-24,3.990981404781495
2025-11-25,4.01362906282214
2025-11-26,4.01656007590916
2025-11-28,4.012259105451614
2025-12-01,4.023691808944454
2025-12-02,4.020709978958237
2025-12-03,4.011428615580204
2025-12-04,4.0027483619224915
2025-12-05,3.977083030736133
2025-12-08,3.952441742942712
2025-12-09,3.952637568881714
2025-12-10,3.944454805006168
2025-12-11,3.9371432645191393
2025-12-12,3.925033217600501
2025-12-15,3.935925971071736
2025-12-16,3.919627297972032
2025-12-17,3.911997059457555
2025-12-18,3.926986448141334
2025-12-19,3.9283336229412633
2025-12-22,3.908354450308111
2025-12-23,3.9091100445388296
2025-12-24,3.9039762278346855
2025-12-26,3.8998064579459406
2025-12-29,3.9039953976094477
2025-12-30,3.8865306613184973
2025-12-31,3.878298657633442
