Method,Confidence,Avg VaR ($),Avg ES ($),"Runtime, all days (s)",Test days,Breaches,Expected breaches,Kupiec p-value,Breach count OK (p>=0.05),Clustering p-value,Basel zone,Avg ES on breach days ($),Avg loss on breach days ($),Actual loss / forecast ES
Historical,95%,19942403.248295,30375877.703602,0.12,250,10,12.5,0.452912,Yes,0.400925,Green,29751514.91031,33015892.633135,1.110302
Historical,97%,24997072.32588,35542680.397529,0.12,250,7,7.5,0.851323,Yes,0.174345,Green,34893263.043919,38060395.653602,1.095451
Historical,99%,36970858.199166,45915244.015263,0.12,250,3,2.5,0.757988,Yes,0.019848,Green,44570245.633471,50332229.824421,1.134392
Parametric (Normal),95%,20870539.18346,26442865.131224,0.49,250,9,12.5,0.286022,Yes,0.315776,Green,25788409.081934,34473530.675828,1.340269
Parametric (Normal),97%,24016896.953092,29181322.647534,0.49,250,7,7.5,0.851323,Yes,0.174345,Green,28551000.852904,38060395.653602,1.338758
Parametric (Normal),99%,29958548.381333,34477472.033619,0.49,250,4,2.5,0.380484,Yes,0.042706,Green,33459108.599705,46299494.37349,1.386861
Monte Carlo (Student-t),95%,19080829.446653,29096192.446013,27.13,250,11,12.5,0.657056,Yes,0.494149,Green,28290946.697558,31767951.60662,1.123852
Monte Carlo (Student-t),97%,23464709.518747,34437494.849107,27.13,250,7,7.5,0.851323,Yes,0.174345,Green,33396116.871461,38060395.653602,1.146855
Monte Carlo (Student-t),99%,34225725.327827,47802138.141697,27.13,250,4,2.5,0.380484,Yes,0.042706,Green,43890956.237045,46299494.37349,1.057032
